publisher,bias,cred
Vulture,,
Moneynews,,
Geeky gadgets,,
Yahoo\!7 News,-30,35
Huffington Post UK,-90,40
SlashGear,,
Yahoo News,-30,35
CBC.ca,,
Digital Spy UK,,
Mirror.co.uk,,
Boston Globe,,
The Malay Mail Online,,
Business Insider,-20,81
Benzinga,,
Reality TV World,,
ABC News,-30,80
Us Magazine,,
Fox Business,,
NEWS.com.au,,
Financial Express,,
Digital Spy,,
The Epoch Times,,
Just Jared,,
Mashable,,
WebProNews,,
First Coast News,,
The Tribune,,
Sydney Morning Herald,,
Design \& Trend,,
Washington Post \(blog\),,
Fox News,,
Newsday,,
The Hollywood Gossip,,
Investor's Business Daily,,
CNET,-15,85
Ubergizmo,,
AceShowbiz,,
Firstpost,,
Latin Post,,
UPI.com,,
Washington Post,,
Broadway World,,
Greenfield Daily Reporter,,
The Globe and Mail,,
Hollywood Reporter,,
Delhi Daily News,,
Belfast Telegraph,,
Zee News,,
ValueWalk,,
Hollywood Life,,
Investing.com,,
Fashion Times,,
CTV News,,
CBS News,-25,80
Businessinsider India,,
Independent Online,,
Newser,,
Economic Times,,
The Independent,,
Seeking Alpha,,
CNBC.com,,
BBC News,0,85
Business Recorder,,
International Business Times UK,,
Irish Independent,,
TheStreet.com,,
The Inquisitr,,
International Business Times,,
Business Standard,,
Motley Fool,,
The Guardian,-70,50
Tech Times,,
Wall Street Journal \(blog\),0,85
NDTV,,
International Business Times AU,,
Wall Street Journal,0,95
Wetpaint,,
USA TODAY,-20,0
Telegraph.co.uk,50,60
Times of India,,
CBS Local,-50,75
Headlines \& Global News,,
PerezHilton.com,-80,5
New York Daily News,,
TIME,-20,80
MarketWatch,,
Bloomberg,0,95
Forbes,0,70
Entertainmentwise,0,10
TheCelebrityCafe.com,-40,10
RTT News,,
GlobalPost,10,60
Los Angeles Times,-30,87
Examiner.com,-30,50
NASDAQ,0,80
Daily Mail,60,42
Contactmusic.com,-20,25
Businessweek,0,95
Huffington Post,-70,40
Reuters,0,97